Date,Clics
mer. 28 janv. 2026,0
jeu. 29 janv. 2026,0
ven. 30 janv. 2026,0
sam. 31 janv. 2026,0
dim. 1 févr. 2026,0
lun. 2 févr. 2026,0
mar. 3 févr. 2026,0
mer. 4 févr. 2026,0
jeu. 5 févr. 2026,0
ven. 6 févr. 2026,0
sam. 7 févr. 2026,0
dim. 8 févr. 2026,0
lun. 9 févr. 2026,0
mar. 10 févr. 2026,2
mer. 11 févr. 2026,6
jeu. 12 févr. 2026,5
ven. 13 févr. 2026,0
sam. 14 févr. 2026,0
dim. 15 févr. 2026,0
lun. 16 févr. 2026,4
mar. 17 févr. 2026,5
mer. 18 févr. 2026,5
jeu. 19 févr. 2026,2
ven. 20 févr. 2026,0
sam. 21 févr. 2026,0
dim. 22 févr. 2026,0
lun. 23 févr. 2026,3
mar. 24 févr. 2026,4
mer. 25 févr. 2026,2
jeu. 26 févr. 2026,3
ven. 27 févr. 2026,0
sam. 28 févr. 2026,0
dim. 1 mars 2026,0
lun. 2 mars 2026,1
mar. 3 mars 2026,3
mer. 4 mars 2026,0
