Campagne,Mot-clé à exclure,Type de correspondance
Search_Seminaire_IDF,mariage,Large
Search_Seminaire_IDF,wedding,Large
Search_Seminaire_IDF,anniversaire,Large
Search_Seminaire_IDF,fête,Large
Search_Seminaire_IDF,party,Large
Search_Seminaire_IDF,baptême,Large
Search_Seminaire_IDF,communion,Large
Search_Seminaire_IDF,réception privée,Large
Search_Seminaire_IDF,gratuit,Large
Search_Seminaire_IDF,pas cher,Large
Search_Seminaire_IDF,discount,Large
Search_Seminaire_IDF,promo,Large
Search_Seminaire_IDF,tourisme,Large
Search_Seminaire_IDF,visite,Large
Search_Seminaire_IDF,musée,Large
Search_Seminaire_IDF,vacances,Large
Search_Seminaire_IDF,week-end,Large
Search_Seminaire_IDF,location salle,Large
Search_Seminaire_IDF,louer,Large
Search_Seminaire_IDF,vente,Large
Search_Seminaire_IDF,acheter,Large
Search_Seminaire_IDF,immobilier,Large
Search_Seminaire_IDF,team building,Large
Search_Seminaire_IDF,paintball,Large
Search_Seminaire_IDF,escape game,Large
Search_Seminaire_IDF,restaurant,Large
Search_Seminaire_IDF,hotel,Large
Search_Seminaire_IDF,hébergement,Large
Search_Seminaire_IDF,spa,Large
Search_Seminaire_IDF,massage,Large
Search_Seminaire_IDF,golf,Large
Search_Seminaire_IDF,particulier,Large
Search_Seminaire_IDF,famille,Large
Search_Seminaire_IDF,enfant,Large
Search_Seminaire_Oise,mariage,Large
Search_Seminaire_Oise,wedding,Large
Search_Seminaire_Oise,anniversaire,Large
Search_Seminaire_Oise,fête,Large
Search_Seminaire_Oise,party,Large
Search_Seminaire_Oise,baptême,Large
Search_Seminaire_Oise,gratuit,Large
Search_Seminaire_Oise,pas cher,Large
Search_Seminaire_Oise,tourisme,Large
Search_Seminaire_Oise,visite,Large
Search_Seminaire_Oise,vacances,Large
Search_Seminaire_Oise,team building,Large
Search_Seminaire_Oise,restaurant,Large
Search_Seminaire_Oise,particulier,Large
